adam, adamlgoff
adaobi, adaobiadibe_ 
aiba, aaroniba 
ameesh, ameeshg 
anastasia, agamick 
andy, andy_matuschak 
ankit, andy_matuschak 
ansonyuu, ansonyuu 
arram, arram 
arye
avernon, vernon3austin 
bani, banisgh 
bobby
bolu
brie, zebriez 
brob, brianluidog 
buga
calebwatney, calebwatney 
chandhana, chandhana01 
charlesxjyang, charlesxjyang 
chet, ccorcos 
christina, christieh1220 
danielcompton, danielwithmusic 
david, 
davidbalbert, davidbalbert 
davidperell, david_perell
davidrobertson
devon, devonzuegel 
dwarkesh, dwarkesh_sp 
dww, danielwoelfel 
edbs, eshear
eli, elidourado 
ethan, eloosbrock 
federico_b
fitz
fynyky
grantslatton, grantslatton 
greggocabral, greggocabral 
guccigiugale
ian, ianmst 
irace, irace 
isabelalozada
isabm, isabensusan
ishaankri
ivan, ivanhzhao 
ivann, ivanvendrov
jack, _jackdent
jacks, jacksaracco 
jacobtref, jacobtref
janey, jnymnz
jasoncbenn, jasoncbenn 
jayssh, jay_ssh 
jeremy
jieunbug, jieunbug 
joao, joao_batalha 
joe, jmt3 
joellawson
joeryu, jesryu
john, backus 
jordan, jrdngonen 
julia
julilozada
kevin, lynaghk 
keyserfaty, keyserfaty 
klunico
lachygroom, lachygroom 
lconstable, l_constable 
limeriksson
loeber, johnloeber 
ltb, leanthebean 
lucas, lucasheinrich 
lucie, thisloops 
luis, luismbat 
mariah, mariah__nel 
martin, martinklepsch 
max, kinespheric
maxtagher, maxtagher 
mchl, hazelcough 
mica, micaelol 
michael_nielsen, michael_nielsen 
moxie, moxie 
mwcvitkovic, mwcvitkovic 
nan, nanransohoff 
neil
nhfoley, nhfoley 
osnr, rsnous 
parthahya, parthion 
prigoose, prigoose 
riley
rinada, rinadalanakrih 
roks, ryanzip 
rose, iamrosewang 
ryan
scott, scottfits 
sebas, sebasbensu
seemaychou, seemaychou 
sgrove, sgrove 
sholto, _sholtodouglas 
simonlast, simonlast 
tara, taraseshan 
tay, tayroga 
tbensu, tomasbensusan 
tommy
vicky, vickyguareschi
viktor, cviktore 
willyintheworld, willyintheworld 
woloski, woloski 
xrg, xave_rg
yash, yashevde 
yasmin, yasminrazavi 
zach
zack, zackkanter 
zoink, zoink